lesson_id,location_name,subtitle,lesson_name,region,coord_x,coord_y,intro_text,intro_video_url,is_active
LS_DIENBIEN,Điện Biên,Thung Lũng Mường Thanh & Chiến Thắng Lừng Lẫy,Điện Biên — Thung Lũng Mường Thanh & Chiến Thắng Lừng Lẫy,Tây Bắc,15.3,15.1,"Điện Biên nổi tiếng với thung lũng Mường Thanh rộng lớn nhất Tây Bắc và Chiến dịch Điện Biên Phủ lịch sử 1954 ""lừng lẫy năm châu, chấn động địa cầu"".",https://www.youtube.com/embed/g2g-8_aW4pA,TRUE
LS_LAICHAU,Lai Châu,Hùng Vĩ Nơi Đầu Nguồn Sông Đà,Lai Châu — Hùng Vĩ Nơi Đầu Nguồn Sông Đà,Tây Bắc,15.2,11.8,"Lai Châu nổi tiếng với đèo O Quý Hồ hùng vĩ, đỉnh Pusilung, đỉnh Putaleng cao ngất trời và thiên nhiên Tây Bắc hoang sơ.",https://www.youtube.com/embed/l2KZ7m8oudM,TRUE
LS_LAOCAI,Lào Cai,Sapa Sương Mù & Đỉnh Fansipan,Lào Cai — Sapa Sương Mù & Đỉnh Fansipan,Tây Bắc,21.2,11.6,"Lào Cai ghi dấu với Fansipan - ""nóc nhà Đông Dương"", khu du lịch Sapa thơ mộng và vị trí cửa ngõ biên giới phía Bắc.",https://www.youtube.com/embed/l2KZ7m8oudM,TRUE
LS_SONLA,Sơn La,Cao Nguyên Mộc Châu & Thủy Điện Sơn La,Sơn La — Cao Nguyên Mộc Châu & Thủy Điện Sơn La,Tây Bắc,22,18,"Sơn La nổi tiếng với cao nguyên Mộc Châu xanh mướt, di tích Nhà tù Sơn La và công trình Thủy điện Sơn La lớn nhất Đông Nam Á.",https://www.youtube.com/embed/l2KZ7m8oudM,TRUE
LS_HOABINH,Hòa Bình,Vùng Đất Mường & Thủy Điện Hòa Bình,Hòa Bình — Vùng Đất Mường & Thủy Điện Hòa Bình,Tây Bắc,31.9,21.5,"Hòa Bình là cái nôi của Văn hóa Hòa Bình thời đồ đá, nổi tiếng với hồ thủy điện Hòa Bình trên sông Đà và bản Lác Mai Châu.",https://www.youtube.com/embed/l2KZ7m8oudM,TRUE
LS_YENBAI,Yên Bái,Danh Thắng Mù Cang Chải,Yên Bái — Danh Thắng Mù Cang Chải,Tây Bắc,25.8,15.6,"Yên Bái tự hào với ruộng bậc thang Mù Cang Chải di sản quốc gia, hồ Thác Bà và cuộc Khởi nghĩa Yên Bái năm 1930.",https://www.youtube.com/embed/l2KZ7m8oudM,TRUE
LS_HAGIANG,Hà Giang,Công Viên Địa Chất Cao Nguyên Đá Đồng Văn,Hà Giang — Công Viên Địa Chất Cao Nguyên Đá Đồng Văn,Đông Bắc,28.2,9.6,"Hà Giang là vùng đất cực Bắc Tổ quốc với đèo Mã Pí Lèng, Cột cờ Lũng Cú và Cao nguyên đá Đồng Văn hùng vĩ.",https://www.youtube.com/embed/l2KZ7m8oudM,TRUE
LS_CAOBANG,Cao Bằng,Pác Bó & Thác Bản Giốc,Cao Bằng — Pác Bó & Thác Bản Giốc,Đông Bắc,37.4,9.6,Cao Bằng ghi dấu di tích Pác Bó nơi Bác Hồ về nước năm 1941 và Thác Bản Giốc - một trong những thác biên giới đẹp nhất thế giới.,https://www.youtube.com/embed/l2KZ7m8oudM,TRUE
LS_BACKAN,Bắc Kạn,Hồ Ba Bể Xanh Biếc,Bắc Kạn — Hồ Ba Bể Xanh Biếc,Đông Bắc,35.3,12.8,"Bắc Kạn thuộc vùng Việt Bắc lịch sử, nổi tiếng với danh thắng Hồ Ba Bể - hồ nước ngọt tự nhiên trên núi đẹp bậc nhất.",https://www.youtube.com/embed/l2KZ7m8oudM,TRUE
LS_TUYENQUANG,Tuyên Quang,Thủ Đô Kháng Chiến Tân Trào,Tuyên Quang — Thủ Đô Kháng Chiến Tân Trào,Đông Bắc,30.5,14.2,"Tuyên Quang là Thủ đô Giải phóng, Thủ đô Kháng chiến với Cây đa Tân Trào, Lán Nà Nưa ghi dấu quyết định Tổng khởi nghĩa 1945.",https://www.youtube.com/embed/l2KZ7m8oudM,TRUE
LS_THAINGUYEN,Thái Nguyên,Thủ Đô Gió Ngàn & Đệ Nhất Danh Trà,Thái Nguyên — Thủ Đô Gió Ngàn & Đệ Nhất Danh Trà,Đông Bắc,35.1,16.1,"Thái Nguyên thuộc ATK Định Hóa thời kháng chiến Pháp, trung tâm công nghiệp luyện kim và vùng chè Tân Cương danh tiếng.",https://www.youtube.com/embed/l2KZ7m8oudM,TRUE
LS_LANGSON,Lạng Sơn,Ải Chi Lăng & Cửa Ải Biên Thùy,Lạng Sơn — Ải Chi Lăng & Cửa Ải Biên Thùy,Đông Bắc,41.9,14.6,"Lạng Sơn vang dội chiến công Ải Chi Lăng đánh tan quân Minh năm 1427, có chùa Tam Thanh, thành nhà Mạc và động Nhị Thanh.",https://www.youtube.com/embed/l2KZ7m8oudM,TRUE
LS_BACGIANG,Bắc Giang,Chiến Thắng Xương Giang & Vải Thiều Lục Ngạn,Bắc Giang — Chiến Thắng Xương Giang & Vải Thiều Lục Ngạn,Đông Bắc,38.5,17.6,"Bắc Giang có di tích Chiến thắng Xương Giang năm 1427, chốn tổ Tây Yên Tử và vùng trồng vải thiều Lục Ngạn lớn nhất cả nước.",https://www.youtube.com/embed/l2KZ7m8oudM,TRUE
LS_QUANGNINH,Quảng Ninh,Vịnh Hạ Long Di Sản & Chiến Thắng Bạch Đằng,Quảng Ninh — Vịnh Hạ Long Di Sản & Chiến Thắng Bạch Đằng,Đông Bắc,46.4,18.4,"Quảng Ninh nổi tiếng với Vịnh Hạ Long di sản thiên nhiên thế giới, chiến trường Bạch Đằng Giang, Yên Tử và trung tâm khai thác than.",https://www.youtube.com/embed/l2KZ7m8oudM,TRUE
LS_PHUTHO,Phú Thọ,Đất Tổ Hùng Vương,Phú Thọ — Đất Tổ Hùng Vương,Đông Bắc,29.3,17.6,"Phú Thọ là cội nguồn dân tộc Việt Nam với Khu di tích Đền Hùng, nơi thờ tự các Vua Hùng đã có công dựng nước Văn Lang.",https://www.youtube.com/embed/l2KZ7m8oudM,TRUE
LS_HANOI,Hà Nội,Thủ Đô Ngàn Năm Văn Hiến,Hà Nội — Thủ Đô Ngàn Năm Văn Hiến,Đồng Bằng Sông Hồng,35.2,18.8,"Thủ đô Hà Nội nằm ở trung tâm đồng bằng sông Hồng màu mỡ, là trung tâm chính trị, văn hóa ngàn năm văn hiến từ mốc 1010 Lý Thái Tổ dời đô.",https://www.youtube.com/embed/m06S8t_hQ1E,TRUE
LS_VINHPHUC,Vĩnh Phúc,Danh Thắng Tam Đảo & Tây Thiên,Vĩnh Phúc — Danh Thắng Tam Đảo & Tây Thiên,Đồng Bằng Sông Hồng,33,17.5,"Vĩnh Phúc nổi tiếng với khu nghỉ dưỡng núi Tam Đảo, danh thắng Tây Thiên và trung tâm phát triển công nghiệp năng động.",https://www.youtube.com/embed/l2KZ7m8oudM,TRUE
LS_BACNINH,Bắc Ninh,Vùng Đất Dân Ca Quan Họ & Kinh Bắc,Bắc Ninh — Vùng Đất Dân Ca Quan Họ & Kinh Bắc,Đồng Bằng Sông Hồng,37.1,19,"Bắc Ninh là trung tâm văn hóa Kinh Bắc cổ kính, cái nôi của Dân ca Quan họ di sản thế giới, đền Đô và chùa Dâu cổ nhất Việt Nam.",https://www.youtube.com/embed/l2KZ7m8oudM,TRUE
LS_HAIDUONG,Hải Dương,Di Tích Côn Sơn Kiếp Bạc,Hải Dương — Di Tích Côn Sơn Kiếp Bạc,Đồng Bằng Sông Hồng,39.1,20.3,Hải Dương là xứ Đông văn nhat với Côn Sơn Kiếp Bạc gắn liền với Nguyễn Trãi và Hưng Đạo Vương Trần Quốc Tuấn.,https://www.youtube.com/embed/l2KZ7m8oudM,TRUE
LS_HAIPHONG,Hải Phòng,Thành Phố Hoa Phượng Đỏ & Cảng Biển,Hải Phòng — Thành Phố Hoa Phượng Đỏ & Cảng Biển,Đồng Bằng Sông Hồng,41.3,21.2,"Hải Phòng là thành phố cảng lớn nhất phía Bắc, gắn liền với đảo Cát Bà, bãi biển Đồ Sơn và sông Bạch Đằng lịch sử.",https://www.youtube.com/embed/l2KZ7m8oudM,TRUE
LS_HUNGYEN,Hưng Yên,"Phố Hiến ""Thứ Nhất Kinh Kỳ, Thứ Nhì Phố Hiến""","Hưng Yên — Phố Hiến ""Thứ Nhất Kinh Kỳ, Thứ Nhì Phố Hiến""",Đồng Bằng Sông Hồng,36.7,20.9,"Hưng Yên nổi tiếng với thương cảng Phố Hiến sầm uất thế kỷ XVII, nhãn lồng Phố Hiến và cây nhãn tổ hàng trăm năm.",https://www.youtube.com/embed/l2KZ7m8oudM,TRUE
LS_THAIBINH,Thái Bình,Quê Hương Chị Hai 5 Tấn,Thái Bình — Quê Hương Chị Hai 5 Tấn,Đồng Bằng Sông Hồng,39.2,22.4,"Thái Bình nằm trọn trong vùng châu thổ sông Hồng, nổi tiếng với chùa Keo kiến trúc gỗ độc đáo và truyền thống thâm canh lúa gạo.",https://www.youtube.com/embed/l2KZ7m8oudM,TRUE
LS_HANAM,Hà Nam,Chùa Tam Chúc & Núi Cấm,Hà Nam — Chùa Tam Chúc & Núi Cấm,Đồng Bằng Sông Hồng,35.9,22.6,"Hà Nam có quần thể tâm linh chùa Tam Chúc lớn bậc nhất, đền Trần Thương và sông Đáy thơ mộng.",https://www.youtube.com/embed/l2KZ7m8oudM,TRUE
LS_NAMDINH,Nam Định,Đất Cố Đồ Nhà Trần & Đền Trần,Nam Định — Đất Cố Đồ Nhà Trần & Đền Trần,Đồng Bằng Sông Hồng,38.2,24.1,"Nam Định là phát tích nhà Trần lừng lẫy 3 lần đánh thắng quân Nguyên Mông, có Lễ khai ấn Đền Trần và vương gzals Phủ Dầy.",https://www.youtube.com/embed/l2KZ7m8oudM,TRUE
LS_NINHBINH,Ninh Bình,Cố Đô Hoa Lư & Di Sản Tràng An,Ninh Bình — Cố Đô Hoa Lư & Di Sản Tràng An,Đồng Bằng Sông Hồng,35.4,24.3,Ninh Bình tự hào với Cố đô Hoa Lư triều Đinh - Tiền Lê và Quần thể danh thắng Tràng An di sản hỗn hợp thế giới duy nhất ở Đông Nam Á.,https://www.youtube.com/embed/l2KZ7m8oudM,TRUE
LS_THANHHOA,Thanh Hóa,Thành Nhà Hồ & Khởi Nghĩa Lam Sơn,Thanh Hóa — Thành Nhà Hồ & Khởi Nghĩa Lam Sơn,Bắc Trung Bộ,33.8,26.8,"Thanh Hóa có Di sản thế giới Thành Nhà Hồ, di tích Lam Kinh phát tích khởi nghĩa Lam Sơn của Lê Lợi và bãi biển Sầm Sơn.",https://www.youtube.com/embed/l2KZ7m8oudM,TRUE
LS_NGHEAN,Nghệ An,Quê Hương Chủ Tịch Hồ Chí Minh,Nghệ An — Quê Hương Chủ Tịch Hồ Chí Minh,Bắc Trung Bộ,30.5,30.9,"Nghệ An là tỉnh có diện tích lớn nhất Việt Nam, quê hương Bác Hồ tại Kim Liên Nam Đàn, sông Lam núi Hồng và phong trào Xô Viết Nghệ Tĩnh.",https://www.youtube.com/embed/l2KZ7m8oudM,TRUE
LS_HATINH,Hà Tĩnh,Ngã Ba Đồng Lộc & Danh Nhân Nguyễn Du,Hà Tĩnh — Ngã Ba Đồng Lộc & Danh Nhân Nguyễn Du,Bắc Trung Bộ,33.7,36.3,"Hà Tĩnh ghi dấu di tích lịch sử Ngã ba Đồng Lộc anh hùng, quê hương Đại thi hào Nguyễn Du tác giả Truyện Kiều.",https://www.youtube.com/embed/l2KZ7m8oudM,TRUE
LS_QUANGBINH,Quảng Bình,Di Sản Phong Nha — Kẻ Bàng & Hang Sơn Đoòng,Quảng Bình — Di Sản Phong Nha - Kẻ Bàng & Hang Sơn Đoòng,Bắc Trung Bộ,40.1,41.6,Quảng Bình nổi tiếng thế giới với Vườn quốc gia Phong Nha - Kẻ Bàng và Hang Sơn Đoòng - hang động tự nhiên lớn nhất hành tinh.,https://www.youtube.com/embed/l2KZ7m8oudM,TRUE
LS_QUANGTRI,Quảng Trị,Thành Cổ Quảng Trị & Thành Cổ Lịch Sử,Quảng Trị — Thành Cổ Quảng Trị & Thành Cổ Lịch Sử,Bắc Trung Bộ,44.2,45.6,"Quảng Trị là mảnh đất lịch sử anh hùng với vĩ tuyến 17 sông Bến Hải, cầu Hiền Lương, Thành cổ Quảng Trị và địa đạo Vịnh Mốc.",https://www.youtube.com/embed/l2KZ7m8oudM,TRUE
LS_THUATHIENHUE,Thừa Thiên Huế,Quần Thể Di Sản Cố Đô Huế,Thừa Thiên Huế — Quần Thể Di Sản Cố Đô Huế,Bắc Trung Bộ,49.5,47.9,"Thừa Thiên Huế là kinh đô triều Nguyễn (1802-1945), có Quần thể di tích Cố đô Huế và Nhã nhạc cung đình Huế được UNESCO công nhận.",https://www.youtube.com/embed/l2KZ7m8oudM,TRUE
LS_DANANG,Đà Nẵng,Thành Phố Đáng Sống & Thành Cổ Hải Vân,Đà Nẵng — Thành Phố Đáng Sống & Thành Cổ Hải Vân,Duyên Hải Nam Trung Bộ,53.2,49.4,"Đà Nẵng là trung tâm kinh tế lớn của miền Trung, nổi tiếng với Ngũ Hành Sơn, Bà Nà Hills, Cầu Vàng và bãi biển Mỹ Khê.",https://www.youtube.com/embed/l2KZ7m8oudM,TRUE
LS_QUANGNAM,Quảng Nam,Di Sản Hội An & Thánh Địa Mỹ Sơn,Quảng Nam — Di Sản Hội An & Thánh Địa Mỹ Sơn,Duyên Hải Nam Trung Bộ,52.7,53.1,"Quảng Nam sở hữu 2 di sản thế giới UNESCO: Đô thị cổ Hội An và Thánh địa Mỹ Sơn, cùng danh hiệu ""Trung dũng kiên cường, đi đầu diệt Mỹ"".",https://www.youtube.com/embed/1Jb0HqLwJTo,TRUE
LS_QUANGNGAI,Quảng Ngãi,Đảo Lý Sơn & Văn Hóa Sa Huỳnh,Quảng Ngãi — Đảo Lý Sơn & Văn Hóa Sa Huỳnh,Duyên Hải Nam Trung Bộ,58.8,56.6,"Quảng Ngãi có đảo vôi núi lửa Lý Sơn - quê hương Đội hùng binh Hoàng Sa, cái nôi Văn hóa Sa Huỳnh và di tích Sơn Mỹ.",https://www.youtube.com/embed/l2KZ7m8oudM,TRUE
LS_BINHDINH,Bình Định,Đất Võ Tây Sơn & Hoàng Hoàng Đế,Bình Định — Đất Võ Tây Sơn & Hoàng Hoàng Đế,Duyên Hải Nam Trung Bộ,60.3,61.8,"Bình Định là quê hương Hoàng đế Quang Trung - Nguyễn Huệ, vùng đất võ thuật Tây Sơn huyền thoại và tháp Chăm cổ kính.",https://www.youtube.com/embed/l2KZ7m8oudM,TRUE
LS_PHUYEN,Phú Yên,Gành Đá Đĩa & Mũi Điện Cực Đông,Phú Yên — Gành Đá Đĩa & Mũi Điện Cực Đông,Duyên Hải Nam Trung Bộ,61.1,66.5,"Phú Yên có Gành Đá Đĩa kỳ thú duy nhất Việt Nam, Mũi Đại Lãnh nơi đón ánh bình minh đầu tiên trên đất liền Tổ quốc.",https://www.youtube.com/embed/l2KZ7m8oudM,TRUE
LS_KHANHHOA,Khánh Hòa,Vịnh Nha Trang & Xứ Sở Trầm Hương,Khánh Hòa — Vịnh Nha Trang & Xứ Sở Trầm Hương,Duyên Hải Nam Trung Bộ,61.2,72.6,"Khánh Hòa nổi tiếng với thành phố biển Nha Trang, Vịnh Cam Ranh chiến lược, Tháp Bà Ponagar và đặc sản Yến sào Trầm hương.",https://www.youtube.com/embed/l2KZ7m8oudM,TRUE
LS_NINHTHUAN,Ninh Thuận,Tháp Po Klong Garai & Vườn Quốc Gia Núi Chúa,Ninh Thuận — Tháp Po Klong Garai & Vườn Quốc Gia Núi Chúa,Duyên Hải Nam Trung Bộ,59.4,76.2,"Ninh Thuận nổi tiếng với tháp Chăm Po Klong Garai cổ kính, đồng cừu An Hòa, vựa nho lớn nhất nước và Vườn quốc gia Núi Chúa.",https://www.youtube.com/embed/l2KZ7m8oudM,TRUE
LS_BINHTHUAN,Bình Thuận,Đồi Cát Mũi Né & Di Tích Trường Dục Thanh,Bình Thuận — Đồi Cát Mũi Né & Di Tích Trường Dục Thanh,Duyên Hải Nam Trung Bộ,51.7,79.8,"Bình Thuận có Đồi cát bay Mũi Né, di tích Trường Dục Thanh nơi Bác Hồ dừng chân dạy học năm 1910 và đảo Phú Quý.",https://www.youtube.com/embed/l2KZ7m8oudM,TRUE
LS_KONTUM,Kon Tum,Nhà Thờ Gỗ & Ngục Kon Tum,Kon Tum — Nhà Thờ Gỗ & Ngục Kon Tum,Tây Nguyên,53.5,57.6,"Kon Tum ở phía Bắc Tây Nguyên, nổi tiếng với Nhà thờ Gỗ kiến trúc cổ độc đáo, sông Đắk Bla ngược dòng và di tích Ngục Kon Tum.",https://www.youtube.com/embed/l2KZ7m8oudM,TRUE
LS_GIALAI,Gia Lai,Biển Hồ T’Nưng & Thác Phú Cường,Gia Lai — Biển Hồ T’Nưng & Thác Phú Cường,Tây Nguyên,54.5,63.1,"Gia Lai nổi tiếng với Biển Hồ T’Nưng ""đôi mắt Pleiku"", Quảng trường Đại Đoàn Kết và văn hóa Cồng chiêng Tây Nguyên.",https://www.youtube.com/embed/l2KZ7m8oudM,TRUE
LS_DAKLAK,Đắk Lắk,Thủ Phủ Cà Phê BMT & Buôn Đôn,Đắc Lắc — Thủ Phủ Cà Phê BMT & Buôn Đôn,Tây Nguyên,54.8,69.2,"Đắk Lắk là thủ phủ cà phê của Việt Nam tại Buôn Ma Thuột, nổi tiếng với truyền thống săn bắt voi Buôn Đôn và Hồ Lắc.",https://www.youtube.com/embed/l2KZ7m8oudM,TRUE
LS_DAKNONG,Đắk Nông,Công Viên Địa Chất Toàn Cầu Hang Động Núi Lửa,Đắk Nông — Công Viên Địa Chất Toàn Cầu Hang Động Núi Lửa,Tây Nguyên,50,73.3,Đắk Nông sở hữu Công viên địa chất toàn cầu UNESCO với hệ thống hang động núi lửa Krông Nô dài nhất Đông Nam Á.,https://www.youtube.com/embed/l2KZ7m8oudM,TRUE
LS_LAMDONG,Lâm Đồng,Đà Lạt Thành Phố Ngàn Hoa,Lâm Đồng — Đà Lạt Thành Phố Ngàn Hoa,Tây Nguyên,54.7,74.7,"Lâm Đồng nằm trên cao nguyên Langbiang với thành phố Đà Lạt mộng mơ, khí hậu ôn đới quanh năm và ngàn hoa khoe sắc.",https://www.youtube.com/embed/l2KZ7m8oudM,TRUE
LS_BINHPHUOC,Bình Phước,Căn Cứ Tà Thiết & Rừng Cao Su,Bình Phước — Căn Cứ Tà Thiết & Rừng Cao Su,Đông Nam Bộ,43,77.1,"Bình Phước là thủ phủ điều và cao su của Việt Nam, ghi dấu Di tích Bộ chỉ huy Tà Thiết căn cứ chiến lược thời chống Mỹ.",https://www.youtube.com/embed/l2KZ7m8oudM,TRUE
LS_TAYNINH,Tây Ninh,Núi Bà Đen & Tòa Thánh Cao Đài,Tây Ninh — Núi Bà Đen & Tòa Thánh Cao Đài,Đông Nam Bộ,36.8,77.8,"Tây Ninh nổi tiếng với Núi Bà Đen ""nóc nhà Nam Bộ"", Tòa thánh Cao Đài Tây Ninh kiến trúc rực rỡ và Căn cứ Trung ương Cục Miền Nam.",https://www.youtube.com/embed/l2KZ7m8oudM,TRUE
LS_BINHDUONG,Bình Dương,Làng Nghề Gốm Lái Thiêu & Địa Đạo Tam Giác Sắt,Bình Dương — Làng Nghề Gốm Lái Thiêu & Địa Đạo Tam Giác Sắt,Đông Nam Bộ,41.6,79.3,"Bình Dương là thủ phủ công nghiệp bứt phá, nổi tiếng với làng gốm Lái Thiêu, sơn mài Tương Bình Hiệp và Địa đạo Tam Giác Sắt.",https://www.youtube.com/embed/l2KZ7m8oudM,TRUE
LS_DONGNAI,Đồng Nai,Vùng Đất Trấn Biên Hào Hùng,Đồng Nai — Vùng Đất Trấn Biên Hào Hùng,Đông Nam Bộ,46.2,79.5,"Đồng Nai là vùng đất Trấn Biên hình thành từ năm 1698 bởi Nguyễn Hữu Cảnh, vang danh với Chiến khu Đ và Chiến thắng Xuân Lộc 1975.",https://www.youtube.com/embed/l2KZ7m8oudM,TRUE
LS_BARIAVUNGTAU,Bà Rịa - Vũng Tàu,Vũng Tàu — Côn Đảo Anh Hùng & Thành Phố Biển,Bà Rịa - Vũng Tàu — Côn Đảo Anh Hùng & Thành Phố Biển,Đông Nam Bộ,65.5,95.5,"Bà Rịa - Vũng Tàu nổi tiếng với trung tâm khai thác dầu khí, bãi biển Vũng Tàu và quần đảo Côn Đảo di tích lịch sử đặc biệt.",https://www.youtube.com/embed/l2KZ7m8oudM,TRUE
LS_TPHCM,TP. Hồ Chí Minh,Thành Phố Mang Tên Bác Rực Rỡ Tên Vàng,TP. Hồ Chí Minh — Thành Phố Mang Tên Bác Rực Rỡ Tên Vàng,Đông Nam Bộ,41.4,81.3,"TP. Hồ Chí Minh là đô thị lớn nhất Việt Nam, đầu tàu kinh tế, có Đền Bến Dược, Dinh Độc Lập, Bến Nhà Rồng nơi Bác Hồ ra đi tìm đường cứu nước năm 1911.",https://www.youtube.com/embed/l2KZ7m8oudM,TRUE
LS_LONGAN,Long An,Vàm Cỏ Đông & Vàm Cỏ Tây,Long An — Vàm Cỏ Đông & Vàm Cỏ Tây,Đồng Bằng Sông Cửu Long,37.9,81.2,"Long An là cửa ngõ nối liền Đông Nam Bộ và Miền Tây, nổi tiếng với hai dòng sông Vàm Cỏ Đông, Vàm Cỏ Tây và danh hiệu ""Trung dũng gia cường"".",https://www.youtube.com/embed/l2KZ7m8oudM,TRUE
LS_TIENGIANG,Tiền Giang,Trận Rạch Gầm — Xoài Mút 1785,Tiền Giang — Trận Rạch Gầm - Xoài Mút 1785,Đồng Bằng Sông Cửu Long,37.6,83,"Tiền Giang vang dội chiến công đại phá 5 vạn quân Xiêm của Nguyễn Huệ tại Rạch Gầm - Xoài Mút 1785, nổi tiếng với miệt vườn vú sữa Lò Rèn.",https://www.youtube.com/embed/l2KZ7m8oudM,TRUE
LS_BENTRE,Bến Tre,Quê Hương Đồng Khởi & Xứ Dừa,Bến Tre — Quê Hương Đồng Khởi & Xứ Dừa,Đồng Bằng Sông Cửu Long,62,98,"Bến Tre là quê hương phong trào Đồng Khởi năm 1960 lãnh đạo bởi Nữ tướng Nguyễn Thị Định, nổi tiếng là thủ phủ dừa của Việt Nam.",https://www.youtube.com/embed/l2KZ7m8oudM,TRUE
LS_DONGTHAP,Đồng Tháp,Đất Sen Hồng & Khu Di Tích Xẻo Quýt,Đồng Tháp — Đất Sen Hồng & Khu Di Tích Xẻo Quýt,Đồng Bằng Sông Cửu Long,32.9,82.5,"Đồng Tháp nổi tiếng với Tháp Mười đẹp nhất bông sen, Khu di tích Cụ Phó bảng Nguyễn Sinh Sắc và làng hoa Sa Đéc rực rỡ.",https://www.youtube.com/embed/l2KZ7m8oudM,TRUE
LS_ANGIANG,An Giang,Thất Sơn Hùng Vĩ & Quê Hương Cụ Tôn Đức Thắng,An Giang — Thất Sơn Hùng Vĩ & Quê Hương Cụ Tôn Đức Thắng,Đồng Bằng Sông Cửu Long,28.3,82.8,"An Giang có vùng Bảy Núi Thất Sơn, Miếu Bà Chúa Xứ Núi Sam linh thiêng và là quê hương Chủ tịch Tôn Đức Thắng tại Cù Lao Ông Hổ.",https://www.youtube.com/embed/l2KZ7m8oudM,TRUE
LS_VINHLONG,Vĩnh Long,Vùng Đất Địa Linh Nhân Kiệt,Vĩnh Long — Vùng Đất Địa Linh Nhân Kiệt,Đồng Bằng Sông Cửu Long,35.7,85.1,"Vĩnh Long nằm giữa hai dòng sông Tiền và sông Hậu, nơi sinh trưởng của nhiều danh nhân lịch sử như GS. Trần Đại Nghĩa, Thủ tướng Võ Văn Kiệt.",https://www.youtube.com/embed/l2KZ7m8oudM,TRUE
LS_TRAVINH,Trà Vinh,Ao Bà Om & Chùa Hang Kính Bái,Trà Vinh — Ao Bà Om & Chùa Hang Kính Bái,Đồng Bằng Sông Cửu Long,38.5,87,"Trà Vinh nổi tiếng với danh thắng Ao Bà Om huyền thoại, hơn 140 ngôi chùa Khmer kiến trúc cổ kính độc đáo.",https://www.youtube.com/embed/l2KZ7m8oudM,TRUE
LS_CANTHO,Cần Thơ,Tây Đô Sầm Uất & Chợ Nổi Cái Răng,Cần Thơ — Tây Đô Sầm Uất & Chợ Nổi Cái Răng,Đồng Bằng Sông Cửu Long,31.7,84.9,"Cần Thơ là trung tâm kinh tế - văn hóa của Đồng bằng sông Cửu Long, nổi tiếng với Chợ nổi Cái Răng và câu hát ""Cần Thơ gạo trắng nước trong"".",https://www.youtube.com/embed/l2KZ7m8oudM,TRUE
LS_HAUGIANG,Hậu Giang,Khởi Nghĩa Nam Kỳ & Kênh Xà No,Hậu Giang — Khởi Nghĩa Nam Kỳ & Kênh Xà No,Đồng Bằng Sông Cửu Long,32.5,87.1,Hậu Giang gắn liền với tuyến kênh xáng Xà No con đường lúa gạo miền Tây và Di tích Chiến thắng 7 tiểu đoàn quân ngụy năm 1973.,https://www.youtube.com/embed/l2KZ7m8oudM,TRUE
LS_KIENGIANG,Kiên Giang,Đảo Ngọc Phú Quốc & Hà Tiên Thập Cảnh,Kiên Giang — Đảo Ngọc Phú Quốc & Hà Tiên Thập Cảnh,Đồng Bằng Sông Cửu Long,27.5,86.8,"Kiên Giang sở hữu Đảo Ngọc Phú Quốc lớn nhất Việt Nam, danh thắng Hà Tiên thập cảnh và anh hùng Nguyễn Trung Trực.",https://www.youtube.com/embed/l2KZ7m8oudM,TRUE
LS_SOCTRANG,Sóc Trăng,Chùa Dơi & Lễ Hội Oóc Om Bóc,Sóc Trăng — Chùa Dơi & Lễ Hội Oóc Om Bóc,Đồng Bằng Sông Cửu Long,35.4,89,"Sóc Trăng độc đáo với Chùa Dơi, Chùa Chén Kiểu, Lễ hội Đua ghe Ngo Oóc Om Bóc lớn bậc nhất Nam Bộ.",https://www.youtube.com/embed/l2KZ7m8oudM,TRUE
LS_BACLIEU,Bạc Liêu,Nhà Công Tử Bạc Liêu & Nhạc Sĩ Cao Văn Lầu,Bạc Liêu — Nhà Công Tử Bạc Liêu & Nhạc Sĩ Cao Văn Lầu,Đồng Bằng Sông Cửu Long,31.3,90.2,"Bạc Liêu là quê hương bản Dạ Cổ Hoài Lang của Cố nhạc sĩ Cao Văn Lầu, giai thoại Công tử Bạc Liêu và đồng điện gió ven biển.",https://www.youtube.com/embed/l2KZ7m8oudM,TRUE
LS_CAMAU,Cà Mau,Đất Mũi Cực Nam Tổ Quốc,Cà Mau — Đất Mũi Cực Nam Tổ Quốc,Đồng Bằng Sông Cửu Long,26.8,91.1,"Cà Mau là địa đầu Cực Nam đất liền Việt Nam với Cột mốc Tọa độ Quốc gia, Vườn quốc gia Mũi Cà Mau và rừng đước U Minh Hạ.",https://www.youtube.com/embed/l2KZ7m8oudM,TRUE